{"text": "\u6211\u4eec\u73b0\u5728\u9700\u8981\u4f60\u63d0\u4f9b\u4e00\u4efd\u63a5\u53e3\u6587\u6863\u6216\u8005\u6211\u4eec\u9700\u8981\u77e5\u9053\u63a5\u53e3\u6570\u636e\u6765\u6e90\u4e8e\u54ea\u91cc\u8fd9\u6837\u6211\u4eec\u624d\u80fd\u66f4\u597d\u5730\u5f80\u4e0b\u8fdb\u884c\u6c9f\u901a", "segments": [{"id": 0, "seek": 0, "start": 0.72, "end": 3.74, "text": "\u6211\u4eec\u73b0\u5728\u9700\u8981\u4f60\u63d0\u4f9b\u4e00\u4efd\u63a5\u53e3\u6587\u6863", "tokens": [50401, 15003, 25040, 35748, 2166, 20949, 3254, 249, 2257, 36266, 14468, 18144, 17174, 21416, 96, 50552], "temperature": 0.0, "avg_logprob": -0.11071378357556401, "compression_ratio": 1.110236220472441, "no_speech_prob": 0.09102579206228256}, {"id": 1, "seek": 0, "start": 3.74, "end": 7.9, "text": "\u6216\u8005\u6211\u4eec\u9700\u8981\u77e5\u9053\u63a5\u53e3\u6570\u636e\u6765\u6e90\u4e8e\u54ea\u91cc", "tokens": [50552, 31148, 15003, 35748, 7758, 14468, 18144, 33188, 26075, 106, 6912, 47402, 37732, 17028, 15759, 50760], "temperature": 0.0, "avg_logprob": -0.11071378357556401, "compression_ratio": 1.110236220472441, "no_speech_prob": 0.09102579206228256}, {"id": 2, "seek": 0, "start": 7.9, "end": 11.120000000000001, "text": "\u8fd9\u6837\u6211\u4eec\u624d\u80fd\u66f4\u597d\u5730\u5f80\u4e0b\u8fdb\u884c\u6c9f\u901a", "tokens": [50760, 21209, 15003, 18888, 8225, 19002, 2131, 10928, 29510, 4438, 36700, 8082, 3308, 253, 19550, 50921], "temperature": 0.0, "avg_logprob": -0.11071378357556401, "compression_ratio": 1.110236220472441, "no_speech_prob": 0.09102579206228256}], "language": "zh"}